,ASIN,title,price,rating,image,search_url,product_url,category,keyword
0,B0D4RC8XST,"HP 14"" HD Laptop | Back to School Limited Edition with 1 Year Microsoft 365 | Intel Quad-Core Processor | Long Battery Life | w/WOWPC Bundle | Windows 11 (Pink, 8GB RAM | 576GB Storage)",389.0,4.1,https://m.media-amazon.com/images/I/71qMQjM38XL._AC_UY218_.jpg,https://www.amazon.com/s?k=laptop&i=computers,https://www.amazon.com/dp/B0D4RC8XST,computers,laptop
1,B0DCSYTVDD,"HP Newest 255 G10 Laptop for Home or Work, 16GB RAM, 1TB SSD, 15.6"" Full HD, Ryzen 3 7330U (Beat Intel i5-1135G7), Ethernet Port, HDMI, USB-C, Windows 11 Pro, Business and Fun Ready (2024)",448.88,4.3,https://m.media-amazon.com/images/I/71zPy+igkzL._AC_UY218_.jpg,https://www.amazon.com/s?k=laptop&i=computers,https://www.amazon.com/dp/B0DCSYTVDD,computers,laptop
2,B0BS4BP8FB,"Acer Aspire 3 A315-24P-R7VH Slim Laptop | 15.6"" Full HD IPS Display | AMD Ryzen 3 7320U Quad-Core Processor | AMD Radeon Graphics | 8GB LPDDR5 | 128GB NVMe SSD | Wi-Fi 6 | Windows 11 Home in S Mode",279.99,4.4,https://m.media-amazon.com/images/I/61gKkYQn6lL._AC_UY218_.jpg,https://www.amazon.com/s?k=laptop&i=computers,https://www.amazon.com/dp/B0BS4BP8FB,computers,laptop
3,B0DFLHNVKM,"16.0-inch Laptop, 16GB DDR4 512GB SSD, Newest Windows 11 Laptop with Intel 12th Gen Alder Lake N97(Up to 3.6GHz), 1920P FHD Display, Metal Shell, WiFi 6, USB3.2, Type_C, Long Battery Life",379.99,5.0,https://m.media-amazon.com/images/I/71Ls2+M7TSL._AC_UY218_.jpg,https://www.amazon.com/s?k=laptop&i=computers,https://www.amazon.com/dp/B0DFLHNVKM,computers,laptop
4,B0B2D77YB8,"HP Newest 14"" Ultral Light Laptop for Students and Business, Intel Quad-Core N4120, 8GB RAM, 192GB Storage(64GB eMMC+128GB Micro SD), 1 Year Office 365, Webcam, HDMI, WiFi, USB-A&C, Win 11 S",245.0,4.0,https://m.media-amazon.com/images/I/81divYKpeTL._AC_UY218_.jpg,https://www.amazon.com/s?k=laptop&i=computers,https://www.amazon.com/dp/B0B2D77YB8,computers,laptop
5,B0947BJ67M,"HP 14 Laptop, Intel Celeron N4020, 4 GB RAM, 64 GB Storage, 14-inch Micro-edge HD Display, Windows 11 Home, Thin & Portable, 4K Graphics, One Year of Microsoft 365 (14-dq0040nr, Snowflake White)",176.0,4.0,https://m.media-amazon.com/images/I/815uX7wkOZS._AC_UY218_.jpg,https://www.amazon.com/s?k=laptop&i=computers,https://www.amazon.com/dp/B0947BJ67M,computers,laptop
6,B0DFM2XCZ6,Laptop Computer AMD Ryzen 7 5700U Gaming Laptop 16GB DDR4 512GB M.2 2280 NVMe SSD Windows Laptop Office Laptops Home Laptops Windows11 16.1-inch IPS FHD WIFI6 BT5.2 HDMI Type-C USB3.2,599.99,5.0,https://m.media-amazon.com/images/I/71-Ue+YHz7L._AC_UY218_.jpg,https://www.amazon.com/s?k=laptop&i=computers,https://www.amazon.com/dp/B0DFM2XCZ6,computers,laptop
7,B0DJK7YPF1,"15.6 Inch Laptops, Windows 11 Laptop Computer with 4GB RAM 128GB SSD, Expandable 4TB, Celeron N5095 Quad-Core(Up to 2.9GHz), 1 Year Office 365, WiFi 6, 7000mAh Battery, USB 3.2, HDMI, Type-C",199.97,4.2,https://m.media-amazon.com/images/I/71OVkSG8lZL._AC_UY218_.jpg,https://www.amazon.com/s?k=laptop&i=computers,https://www.amazon.com/dp/B0DJK7YPF1,computers,laptop
8,B0CPL25J3W,"HP Portable Laptop, Student and Business, 14"" HD Display, Intel Quad-Core N4120, 8GB DDR4 RAM, 64GB eMMC, 1 Year Office 365, Webcam, RJ-45, HDMI, Wi-Fi, Windows 11 Home, Silver",190.35,4.1,https://m.media-amazon.com/images/I/61IpRGnny7L._AC_UY218_.jpg,https://www.amazon.com/s?k=laptop&i=computers,https://www.amazon.com/dp/B0CPL25J3W,computers,laptop
9,B0DCSYTVDD,"HP Newest 255 G10 Laptop for Home or Work, 16GB RAM, 1TB SSD, 15.6"" Full HD, Ryzen 3 7330U (Beat Intel i5-1135G7), Ethernet Port, HDMI, USB-C, Windows 11 Pro, Business and Fun Ready (2024)",448.88,4.3,https://m.media-amazon.com/images/I/71zPy+igkzL._AC_UY218_.jpg,https://www.amazon.com/s?k=laptop&i=computers,https://www.amazon.com/dp/B0DCSYTVDD,computers,laptop
10,B0CBJ46QZX,"Lenovo Newest Flagship Chromebook, 14'' FHD Touchscreen Slim Thin Light Laptop Computer, 8-Core MediaTek Kompanio 520 Processor, 4GB RAM, 64GB eMMC, WiFi 6,Chrome OS+HubxcelAccesory, Abyss Blue",201.93,4.3,https://m.media-amazon.com/images/I/61KlKRdsQ7L._AC_UY218_.jpg,https://www.amazon.com/s?k=laptop&i=computers,https://www.amazon.com/dp/B0CBJ46QZX,computers,laptop
11,B0CZMC5LWR,"Lenovo ‎Ideapad 3i ‎15.6"" Touchscreen Laptop Computer, ‎Windows 11 Home 40GB RAM 1TB SSD, Intel i3-1115G4, FHD ‎1920x1080 Display, Microsoft Office Lifetime License, Plusera Earphone, Arctic Grey",599.99,4.1,https://m.media-amazon.com/images/I/61LSOzLQlnL._AC_UY218_.jpg,https://www.amazon.com/s?k=laptop&i=computers,https://www.amazon.com/dp/B0CZMC5LWR,computers,laptop
12,B07RJZMC49,"Lenovo 11.6"" 300e Chromebook Touchscreen LCD 2 in 1- MediaTek M8173C Quad-core 2.1GHz 4GB LPDDR3 32GB Flash Memory Chrome OS Model 81H00000US (Renewed)",79.95,3.9,https://m.media-amazon.com/images/I/812k3mDHXjL._AC_UY218_.jpg,https://www.amazon.com/s?k=laptop&i=computers,https://www.amazon.com/dp/B07RJZMC49,computers,laptop
13,B09YRY6QCX,ASUS E410 Intel Celeron N4020 4GB 64GB 14-Inch HD LED Win 10 Laptop (Star Black),148.0,4.1,https://m.media-amazon.com/images/I/614Jk1dIoGL._AC_UY218_.jpg,https://www.amazon.com/s?k=laptop&i=computers,https://www.amazon.com/dp/B09YRY6QCX,computers,laptop
14,B0B3BVWJ6Y,"Apple 2022 MacBook Air Laptop with M2 chip: Built for Apple Intelligence, 13.6-inch Liquid Retina Display, 8GB RAM, 256GB SSD Storage, Backlit Keyboard, 1080p FaceTime HD Camera; Midnight",749.0,4.7,https://m.media-amazon.com/images/I/719C6bJv8jL._AC_UY218_.jpg,https://www.amazon.com/s?k=laptop&i=computers,https://www.amazon.com/dp/B0B3BVWJ6Y,computers,laptop
15,B07Z36FP7L,"Lenovo 100E Chromebook 2ND Gen 81QB000AUS Laptop Computer, 11.6"" HD (1366 X 768) Display, MediaTek MT8173C Processor, 4GB RAM, 16GB eMMC TLC SSD, Powervr GX6250, Chrome OS, Black (Renewed)",56.85,4.1,https://m.media-amazon.com/images/I/61SvEC0nTAL._AC_UY218_.jpg,https://www.amazon.com/s?k=laptop&i=computers,https://www.amazon.com/dp/B07Z36FP7L,computers,laptop
16,B0CDQTSSTR,"Lenovo IdeaPad 1 Student Laptop, Intel Dual Core Processor, 20GB RAM, 1TB SSD + 128GB eMMC, 15.6"" FHD Display, 1 Year Office 365, Windows 11 Home, Wi-Fi 6, Webcam, Bluetooth, SD Card Reader, Grey",399.0,4.1,https://m.media-amazon.com/images/I/61ye8ndhYvL._AC_UY218_.jpg,https://www.amazon.com/s?k=laptop&i=computers,https://www.amazon.com/dp/B0CDQTSSTR,computers,laptop
17,B0D6PHQVSV,"ASUS Lightweight 15.5"" Full HD Laptop, Windows 11 Home OS, Intel Celeron Processor Up to 2.76GHz, 4GB LPDDR4, 128GB SSD, Backlit Keyboard, Dark Gray (Renewed)",169.99,4.1,https://m.media-amazon.com/images/I/81iWt-wCcpL._AC_UY218_.jpg,https://www.amazon.com/s?k=laptop&i=computers,https://www.amazon.com/dp/B0D6PHQVSV,computers,laptop
18,B09VZR2BGN,"Newest HP 14"" HD Laptop, Windows 11, Intel Celeron Dual-Core Processor Up to 2.60GHz, 4GB RAM, 64GB SSD, Webcam, Dale Pink(Renewed) (Dale Blue)",158.45,4.1,https://m.media-amazon.com/images/I/61G9Yr3n6rL._AC_UY218_.jpg,https://www.amazon.com/s?k=laptop&i=computers,https://www.amazon.com/dp/B09VZR2BGN,computers,laptop
19,B0D9K758B1,"HP 15.6"" Portable Laptop (Include 1 Year Microsoft 365), HD Display, Intel Quad-Core N200 Processor, 16GB RAM, 128GB Storage, Wi-Fi 6, Webcam, HDMI, Numeric Keypad, Windows 11 Home, Black",286.95,4.1,https://m.media-amazon.com/images/I/71jnvo71a9L._AC_UY218_.jpg,https://www.amazon.com/s?k=laptop&i=computers,https://www.amazon.com/dp/B0D9K758B1,computers,laptop
20,B0BZ8X9HGT,"HP Notebook Laptop, 15.6"" HD Touchscreen, Intel Core i3-1115G4 Processor, 32GB RAM, 1TB PCIe SSD, Webcam, Type-C, HDMI, SD Card Reader, Wi-Fi, Windows 11 Home, Silver",409.85,4.1,https://m.media-amazon.com/images/I/61oAh3XrX+L._AC_UY218_.jpg,https://www.amazon.com/s?k=laptop&i=computers,https://www.amazon.com/dp/B0BZ8X9HGT,computers,laptop
21,B0DHYFW9QK,"HP 15.6"" Business & Student Laptop Computer, Intel Core i3, Windows 11 Pro Laptop with Microsoft Office Lifetime License, Plusera Earphones (Intel Core i3, 32GB RAM | 1TB SSD)",499.99,4.1,https://m.media-amazon.com/images/I/61Hq-4AehGL._AC_UY218_.jpg,https://www.amazon.com/s?k=laptop&i=computers,https://www.amazon.com/dp/B0DHYFW9QK,computers,laptop
22,B0DD3LNQX2,NewLenovo Ideapad 1 Business & Student Laptop 14' HD Display_Intel_Celeron N4020 4GB RAM 128GB EMMC.Intel.UHD Graphics Webcam USB-C Wi-Fi 6 Blue.tooth Battery Life-Up to 11 Hours Win 11 Home in S mode,169.0,4.1,https://m.media-amazon.com/images/I/616xOAwexxL._AC_UY218_.jpg,https://www.amazon.com/s?k=laptop&i=computers,https://www.amazon.com/dp/B0DD3LNQX2,computers,laptop
23,B0DFPTZFV4,"15.6 FHD Student Laptop Computer, 16GB RAM 1TB SSD, Backlit Keyboard, Fingerprint, 4-Core Pentium N100 (Beat i3-1115G4, Up to 3.4GHz), 2 Years Warranty, WiFi 6, Win 11 H",389.99,5.0,https://m.media-amazon.com/images/I/613oGQcOLcL._AC_UY218_.jpg,https://www.amazon.com/s?k=laptop&i=computers,https://www.amazon.com/dp/B0DFPTZFV4,computers,laptop
24,B0CWJB9ZC6,"ASUS Vivobook Go 15.6” Laptop, AMD Ryzen 5 7520U, 8GB, 512GB, Windows 11 Home, Cool Silver, E1504FA-AS54",329.99,4.3,https://m.media-amazon.com/images/I/71P3MwynNoL._AC_UY218_.jpg,https://www.amazon.com/s?k=laptop&i=computers,https://www.amazon.com/dp/B0CWJB9ZC6,computers,laptop
25,B0DJWTWM2Z,"Lenovo 15.5'' Lightweight FHD IPS Laptop, Intel Quad-Core Processor Up to 3.29GHz, 12GB Ram, 256GB SSD, Ultra-Fast WiFi 6, Windows 11 OS, Pastel Blue, Renewed",185.99,,https://m.media-amazon.com/images/I/51lyS+gddyL._AC_UY218_.jpg,https://www.amazon.com/s?k=laptop&i=computers,https://www.amazon.com/dp/B0DJWTWM2Z,computers,laptop
26,B0DJKR64FX,"ACEMAGIC Laptop, Windows 11 Laptop Computer,16GB DDR4 512GB SSD, Quad-Core N97 Processor(Up to 3.6GHz), 15.6"" IPS 1080P PC,180° Open Angle,Long Battery Life,Metal Shell,WiFi, BT5.0, USB3.2, Type_C",359.99,4.7,https://m.media-amazon.com/images/I/71331gmRd1L._AC_UY218_.jpg,https://www.amazon.com/s?k=laptop&i=computers,https://www.amazon.com/dp/B0DJKR64FX,computers,laptop
27,B0D24TG3VN,"ASUS 15.5"" FHD Anti-Glare Laptop, Intel Celeron N Processor Up to 2.79GHz, 4GB DDR4, 256GB Storage, Bluetooth, Backlit Keyboard, Webcam, Windows 11 Home, Dark Blue, Renewed",186.99,4.5,https://m.media-amazon.com/images/I/71XxFvIQMaL._AC_UY218_.jpg,https://www.amazon.com/s?k=laptop&i=computers,https://www.amazon.com/dp/B0D24TG3VN,computers,laptop
28,B0C6NC4KRT,"HP 17 Business Laptop, 17.3” HD+ Display, 11th Gen Intel Core i3-1125G4 Processor, 32GB RAM, 1TB SSD, Wi-Fi, HDMI, Webcam, Windows 11 Pro, Silver",472.89,4.2,https://m.media-amazon.com/images/I/61TGRBGTNzL._AC_UY218_.jpg,https://www.amazon.com/s?k=laptop&i=computers,https://www.amazon.com/dp/B0C6NC4KRT,computers,laptop
29,B0D96JRLNV,"HP Newest Pavilion 15.6"" Touchscreen Laptop • Intel 12th-Gen 6 Core Processor • 40GB RAM • 1TB Storage (512GB SSD & 500GB HP P500 Portable SSD Red)• Type-C • Webcam • HDMI • Windows 11 Pro",499.0,4.8,https://m.media-amazon.com/images/I/71VG9DBlgkL._AC_UY218_.jpg,https://www.amazon.com/s?k=laptop&i=computers,https://www.amazon.com/dp/B0D96JRLNV,computers,laptop
30,B0DFM2XCZ6,Laptop Computer AMD Ryzen 7 5700U Gaming Laptop 16GB DDR4 512GB M.2 2280 NVMe SSD Windows Laptop Office Laptops Home Laptops Windows11 16.1-inch IPS FHD WIFI6 BT5.2 HDMI Type-C USB3.2,599.99,5.0,https://m.media-amazon.com/images/I/71-Ue+YHz7L._AC_UY218_.jpg,https://www.amazon.com/s?k=laptop&i=computers&page=2&qid=1730948268&ref=sr_pg_1,https://www.amazon.com/dp/B0DFM2XCZ6,computers,laptop
31,B0CZ56BHPV,"Dell Inspiron 5440 Laptop - 14.0-inch 16:10 FHD+ (1920 x 1200) Display, Intel Core i5-1334U Processor, 8GB DDR5 RAM, 512GB SSD, Intel UHD Graphics, Windows 11 Home, Onsite Service - Carbon Black",711.99,4.1,https://m.media-amazon.com/images/I/71jq7qdjh7L._AC_UY218_.jpg,https://www.amazon.com/s?k=laptop&i=computers&page=2&qid=1730948268&ref=sr_pg_1,https://www.amazon.com/dp/B0CZ56BHPV,computers,laptop
32,B0CRDCXRK2,"ASUS ROG Strix G16 (2024) Gaming Laptop, 16” 16:10 FHD 165Hz Display, NVIDIA® GeForce RTX™ 4060, Intel Core i7-13650HX, 16GB DDR5, 1TB PCIe Gen4 SSD, Wi-Fi 6E, Windows 11, G614JV-AS74",1244.0,4.3,https://m.media-amazon.com/images/I/81GrCeuCzxL._AC_UY218_.jpg,https://www.amazon.com/s?k=laptop&i=computers&page=2&qid=1730948268&ref=sr_pg_1,https://www.amazon.com/dp/B0CRDCXRK2,computers,laptop
33,B0DCBSC7D4,"jumper Laptop, 12GB LPDDR4 RAM, 256GB SSD ROM, 14 Inch 1080p FHD IPS Screen, Windows 11 Laptops Computer with Celeron 4-Core Processor, UHD Graphics 600, 2 Stereo Speaker, Portable.",439.99,5.0,https://m.media-amazon.com/images/I/81San27zRPL._AC_UY218_.jpg,https://www.amazon.com/s?k=laptop&i=computers&page=2&qid=1730948268&ref=sr_pg_1,https://www.amazon.com/dp/B0DCBSC7D4,computers,laptop
34,B0C6NC4KRT,"HP 17 Business Laptop, 17.3” HD+ Display, 11th Gen Intel Core i3-1125G4 Processor, 32GB RAM, 1TB SSD, Wi-Fi, HDMI, Webcam, Windows 11 Pro, Silver",472.89,4.2,https://m.media-amazon.com/images/I/61TGRBGTNzL._AC_UY218_.jpg,https://www.amazon.com/s?k=laptop&i=computers&page=2&qid=1730948268&ref=sr_pg_1,https://www.amazon.com/dp/B0C6NC4KRT,computers,laptop
35,B0B3C7MJX3,"Apple 2022 MacBook Air Laptop with M2 chip: Built for Apple Intelligence, 13.6-inch Liquid Retina Display, 8GB RAM, 256GB SSD Storage, Backlit Keyboard, 1080p FaceTime HD Camera; Starlight",749.0,4.7,https://m.media-amazon.com/images/I/710TJuHTMhL._AC_UY218_.jpg,https://www.amazon.com/s?k=laptop&i=computers&page=2&qid=1730948268&ref=sr_pg_1,https://www.amazon.com/dp/B0B3C7MJX3,computers,laptop
36,B0DJKR64FX,"ACEMAGIC Laptop, Windows 11 Laptop Computer,16GB DDR4 512GB SSD, Quad-Core N97 Processor(Up to 3.6GHz), 15.6"" IPS 1080P PC,180° Open Angle,Long Battery Life,Metal Shell,WiFi, BT5.0, USB3.2, Type_C",359.99,4.7,https://m.media-amazon.com/images/I/71331gmRd1L._AC_UY218_.jpg,https://www.amazon.com/s?k=laptop&i=computers&page=2&qid=1730948268&ref=sr_pg_1,https://www.amazon.com/dp/B0DJKR64FX,computers,laptop
37,B07RXH56C5,Dell Latitude Touch 3190 2-in-1 PC Intel Quad Core up to 2.4Ghz 4GB 64GB SSD 11.6inch HD Touch Gorilla Glass LED WiFi Cam HDMI W10 Pro (Renewed),119.99,4.1,https://m.media-amazon.com/images/I/614xJNL3vVL._AC_UY218_.jpg,https://www.amazon.com/s?k=laptop&i=computers&page=2&qid=1730948268&ref=sr_pg_1,https://www.amazon.com/dp/B07RXH56C5,computers,laptop
38,B0CV5ZSR17,"Acer Aspire Go 15 Slim Laptop | 15.6"" Full HD IPS 1080P Display | Intel Core i3-N305| Intel UHD Graphics | 8GB LPDDR5 | 128GB HD | Wi-Fi 6 | AI PC | Windows 11 Home in S Mode | AG15-31P-3947",269.99,4.2,https://m.media-amazon.com/images/I/71wKJVtV-+L._AC_UY218_.jpg,https://www.amazon.com/s?k=laptop&i=computers&page=2&qid=1730948268&ref=sr_pg_1,https://www.amazon.com/dp/B0CV5ZSR17,computers,laptop
39,B0DC6LT34G,"HP Stream 14"" HD BrightView Laptop, Intel Celeron N4120, 16GB RAM, 416GB Storage (128GB eMMC + 288GB Docking Station Set), Intel UHD Graphics, 720p Camera, Wi-Fi, 1 Year Office 365, Win 11 S, Silver",309.0,4.3,https://m.media-amazon.com/images/I/71LfqtOQJ9L._AC_UY218_.jpg,https://www.amazon.com/s?k=laptop&i=computers&page=2&qid=1730948268&ref=sr_pg_1,https://www.amazon.com/dp/B0DC6LT34G,computers,laptop
40,B0CZKPF2QH,"HP Stream 14"" HD BrightView Laptop, Intel Celeron N4120, 16GB RAM, 288GB Storage (128GB eMMC + 160GB Docking Station Set), Intel UHD Graphics, 720p Webcam, Wi-Fi, 1 Year Office 365, Win 11 S, Silver",309.0,4.3,https://m.media-amazon.com/images/I/61Uw0-2+2YL._AC_UY218_.jpg,https://www.amazon.com/s?k=laptop&i=computers&page=2&qid=1730948268&ref=sr_pg_1,https://www.amazon.com/dp/B0CZKPF2QH,computers,laptop
41,B0CC936WF1,"Dell Inspiron 15 3000 3520 Business Laptop Computer[Windows 11 Pro], 15.6'' FHD Touchscreen, 11th Gen Intel Quad-Core i5-1135G7, 16GB RAM, 1TB PCIe SSD, Numeric Keypad, Wi-Fi, Webcam, HDMI, Black",472.59,4.1,https://m.media-amazon.com/images/I/71gbrvRJI-L._AC_UY218_.jpg,https://www.amazon.com/s?k=laptop&i=computers&page=2&qid=1730948268&ref=sr_pg_1,https://www.amazon.com/dp/B0CC936WF1,computers,laptop
42,B0C33KJV5N,"HP 17.3"" Flagship HD+ Business Laptop, 16GB DDR4 RAM, 1TB PCIe SSD, Intel Quad Core i3-1125G4(Beat i5-1035G4), Bluetooth, HDMI, Webcam, Windows 11, Silver, w/GM Accessories",440.87,4.3,https://m.media-amazon.com/images/I/61DF0nkzgxL._AC_UY218_.jpg,https://www.amazon.com/s?k=laptop&i=computers&page=2&qid=1730948268&ref=sr_pg_1,https://www.amazon.com/dp/B0C33KJV5N,computers,laptop
43,B0CX22ZW1T,"Apple 2024 MacBook Air 13-inch Laptop with M3 chip: Built for Apple Intelligence, 13.6-inch Liquid Retina Display, 8GB Unified Memory, 256GB SSD Storage, Backlit Keyboard, Touch ID; Space Gray",989.94,4.7,https://m.media-amazon.com/images/I/71ItMeqpN3L._AC_UY218_.jpg,https://www.amazon.com/s?k=laptop&i=computers&page=2&qid=1730948268&ref=sr_pg_1,https://www.amazon.com/dp/B0CX22ZW1T,computers,laptop
44,B0DGH2738M,"Lenovo 15.6"" Touchscreen IdeaPad | 40GB RAM | 1TB Storage (512GB SSD & 512GB External Storage) | Intel 6-Core Processor | FHD (1920 x 1080) | HDMI | Bluetooth | Windows 11 | w/WOWPC Bundle",619.0,4.6,https://m.media-amazon.com/images/I/71Bqy425eoL._AC_UY218_.jpg,https://www.amazon.com/s?k=laptop&i=computers&page=2&qid=1730948268&ref=sr_pg_1,https://www.amazon.com/dp/B0DGH2738M,computers,laptop
45,B0D14D6BRD,"Dell Inspiron 16 Plus 7640 Laptop - 16.0-inch 16:10 2.5K (2560x1600) Display, Intel Core Ultra 7-155H Processor, 16GB DDR5 RAM, 1TB SSD, Windows 11 Home, Onsite & Migrate Service - Ice Blue",1431.4,4.1,https://m.media-amazon.com/images/I/71ltDhhO1YL._AC_UY218_.jpg,https://www.amazon.com/s?k=laptop&i=computers&page=2&qid=1730948268&ref=sr_pg_1,https://www.amazon.com/dp/B0D14D6BRD,computers,laptop
46,B07CCM5X58,"Apple MacBook Air MJVM2LL/A 11.6-Inch Laptop (1.6 GHz Intel Core i5, 128 GB Hard Drive, Integrated Intel HD Graphics 6000, Mac OS X 10.10 Yosemite) (Renewed)",169.0,3.9,https://m.media-amazon.com/images/I/71N+DK0pEaL._AC_UY218_.jpg,https://www.amazon.com/s?k=laptop&i=computers&page=2&qid=1730948268&ref=sr_pg_1,https://www.amazon.com/dp/B07CCM5X58,computers,laptop
47,B0BLW25MB7,"Lenovo IdeaPad 1 14 Laptop, 14.0"" HD Display, Intel Celeron N4020, 4GB RAM, 64GB Storage, Intel UHD Graphics 600, Win 11 in S Mode, Cloud Grey",149.0,3.8,https://m.media-amazon.com/images/I/71bphKmt0DL._AC_UY218_.jpg,https://www.amazon.com/s?k=laptop&i=computers&page=2&qid=1730948268&ref=sr_pg_1,https://www.amazon.com/dp/B0BLW25MB7,computers,laptop
48,B0CK9JSM3G,"Lenovo V15 Laptop, 15.6"" FHD Display, AMD Ryzen 5 5500U Hexa-core Processor (Beat Intel i7-1065G7), 16GB RAM, 512GB SSD, HDMI, RJ45, Numeric Keypad, Wi-Fi, Windows 11 Pro, Black",489.0,4.3,https://m.media-amazon.com/images/I/71dryUdTUdL._AC_UY218_.jpg,https://www.amazon.com/s?k=laptop&i=computers&page=2&qid=1730948268&ref=sr_pg_1,https://www.amazon.com/dp/B0CK9JSM3G,computers,laptop
49,B0D845LL5R,"HP Victus 15.6 i5 Gaming Laptop, 15.6"" FHD 1920*1080 144Hz, Intel Core i5-12450H, NVIDIA GeForce RTX 3050, 32GB RAM, 1TB SSD, Backlit KB, Touchpad, SD Card Reader, Webcam, HDMI, Wi-Fi 6, W11 H, Blue",670.0,4.3,https://m.media-amazon.com/images/I/71DHV9GZSOL._AC_UY218_.jpg,https://www.amazon.com/s?k=laptop&i=computers&page=2&qid=1730948268&ref=sr_pg_1,https://www.amazon.com/dp/B0D845LL5R,computers,laptop
50,B0CVNH95DX,"HP 17.3 inch Laptop, FHD Display, AMD Ryzen 5 7520U, 16 GB RAM, 512 GB SSD, AMD Radeon Graphics, Windows 11 Home, 17-cp2099nr (2024)",483.99,4.5,https://m.media-amazon.com/images/I/71hj6O0vZAL._AC_UY218_.jpg,https://www.amazon.com/s?k=laptop&i=computers&page=2&qid=1730948268&ref=sr_pg_1,https://www.amazon.com/dp/B0CVNH95DX,computers,laptop
51,B0DHT2QDJL,HP 14 Laptop • Back to School Limited Edition with Microsoft 365 • 4-Core Intel CPU • 16GB RAM •1600GB Storage (64GB OnBoard + 512GB External + 1TB OneDrive) • Snow White • w/WOWPC Bundle • Win 11,299.0,3.8,https://m.media-amazon.com/images/I/81hbsEf2RfL._AC_UY218_.jpg,https://www.amazon.com/s?k=laptop&i=computers&page=2&qid=1730948268&ref=sr_pg_1,https://www.amazon.com/dp/B0DHT2QDJL,computers,laptop
52,B0DHGL34T8,"HP 2024 Newest 17.3"" Touch Screen Business Laptop, AMD Ryzen 5 7530U(Up to 4.5GHz, Beats i7-1165G7), 32 GB RAM, 1 TB SSD, Anti-Glare, Wi-Fi 6, Win 11 Pro, Office Pro Lifetime License, Designed Mouse",699.99,4.5,https://m.media-amazon.com/images/I/71FfG0CQn+L._AC_UY218_.jpg,https://www.amazon.com/s?k=laptop&i=computers&page=2&qid=1730948268&ref=sr_pg_1,https://www.amazon.com/dp/B0DHGL34T8,computers,laptop
53,B0D33NC672,"acer Gateway Chromebook 311 CBO311-1H-C1MX Laptop | Intel Celeron N4500 | 11.6"" HD (1366 x 768) Display | 4GB LPDDR4X | 64GB eMMC | Wi-Fi 5 802.11ac | Chrome OS | Star Black",175.0,4.5,https://m.media-amazon.com/images/I/61s7XxkIC5L._AC_UY218_.jpg,https://www.amazon.com/s?k=laptop&i=computers&page=2&qid=1730948268&ref=sr_pg_1,https://www.amazon.com/dp/B0D33NC672,computers,laptop
54,B0CRD6PJDF,"ASUS Zenbook Duo Laptop, Dual 14” OLED 3K 120Hz Touch Display, Intel Evo Certified, Intel Core Ultra 9 185H CPU, Intel Arc Graphics, 32GB RAM, 1TB SSD, Windows 11, Inkwell Gray, UX8406MA-PS99T",1649.0,4.2,https://m.media-amazon.com/images/I/71xZUkl5dyL._AC_UY218_.jpg,https://www.amazon.com/s?k=laptop&i=computers&page=2&qid=1730948268&ref=sr_pg_1,https://www.amazon.com/dp/B0CRD6PJDF,computers,laptop
55,B0DH9S123G,HP 15.6 FHD Display G9 Laptop • 32GB RAM • 1TB Storage (512GB SSD & 500GB External) • AMD Dual Core Processor • Upto 12 Hours Battery Life • w/WOWPC Bundle • Windows 11 Pro,499.0,4.4,https://m.media-amazon.com/images/I/71yVQpCQICL._AC_UY218_.jpg,https://www.amazon.com/s?k=laptop&i=computers&page=2&qid=1730948268&ref=sr_pg_1,https://www.amazon.com/dp/B0DH9S123G,computers,laptop
56,B0DHSGT3L3,"jumper Laptop, 4GB DDR4 RAM 128GB SSD, Office 365 1-Year Subscription, 5205U Processor, Windows 11 Computer with 15.6 Inch HD Display, 38Wh Battery, 2 Stereo Speakers, Type-C, USB3.0, Numeric Keypad.",666.99,4.3,https://m.media-amazon.com/images/I/71Iv6sSCWSL._AC_UY218_.jpg,https://www.amazon.com/s?k=laptop&i=computers&page=2&qid=1730948268&ref=sr_pg_1,https://www.amazon.com/dp/B0DHSGT3L3,computers,laptop
57,B0DJLL26QB,"ACEMAGIC Laptop Computer, 16GB DDR4 512GB SSD, 15.6 Inch Windows 11 Laptop with Quad-Core N95(Up to 3.4GHz), Metal Shell, BT5.0, 5G WiFi, USB3.2, Type_C, Webcam, 38Wh Battery",1299.99,4.6,https://m.media-amazon.com/images/I/71o1K5Qu9vL._AC_UY218_.jpg,https://www.amazon.com/s?k=laptop&i=computers&page=2&qid=1730948268&ref=sr_pg_1,https://www.amazon.com/dp/B0DJLL26QB,computers,laptop
58,B0DHYFW9QK,"HP 15.6"" Business & Student Laptop Computer, Intel Core i3, Windows 11 Pro Laptop with Microsoft Office Lifetime License, Plusera Earphones (Intel Core i3, 32GB RAM | 1TB SSD)",499.99,4.1,https://m.media-amazon.com/images/I/61Hq-4AehGL._AC_UY218_.jpg,https://www.amazon.com/s?k=laptop&i=computers&page=2&qid=1730948268&ref=sr_pg_1,https://www.amazon.com/dp/B0DHYFW9QK,computers,laptop
59,B0CY526MN6,"NIMO 15.6 FHD Student Laptop, 16GB RAM, 512GB SSD, Backlit Keyboard, Fingerprint, Intel Pentium Quad-Core N100 (Beat to i3-1115G4, Up to 3.4GHz), 2 Years Warranty, 90 Days Return, WiFi 6, Win 11",279.99,4.6,https://m.media-amazon.com/images/I/71enmAGErML._AC_UY218_.jpg,https://www.amazon.com/s?k=laptop&i=computers&page=2&qid=1730948268&ref=sr_pg_1,https://www.amazon.com/dp/B0CY526MN6,computers,laptop
60,B0DFM2XCZ6,Laptop Computer AMD Ryzen 7 5700U Gaming Laptop 16GB DDR4 512GB M.2 2280 NVMe SSD Windows Laptop Office Laptops Home Laptops Windows11 16.1-inch IPS FHD WIFI6 BT5.2 HDMI Type-C USB3.2,599.99,5.0,https://m.media-amazon.com/images/I/71-Ue+YHz7L._AC_UY218_.jpg,https://www.amazon.com/s?k=laptop&i=computers&page=3&qid=1730948270&ref=sr_pg_2,https://www.amazon.com/dp/B0DFM2XCZ6,computers,laptop
61,B0CZ56BHPV,"Dell Inspiron 5440 Laptop - 14.0-inch 16:10 FHD+ (1920 x 1200) Display, Intel Core i5-1334U Processor, 8GB DDR5 RAM, 512GB SSD, Intel UHD Graphics, Windows 11 Home, Onsite Service - Carbon Black",711.99,4.1,https://m.media-amazon.com/images/I/71jq7qdjh7L._AC_UY218_.jpg,https://www.amazon.com/s?k=laptop&i=computers&page=3&qid=1730948270&ref=sr_pg_2,https://www.amazon.com/dp/B0CZ56BHPV,computers,laptop
62,B0CJJJHCFT,ASUS TUF Gaming Laptop Ryzen7 7735HS - A16 WUXGA 165Hz 100% sRGB - AMD Radeon RX7600S Beat RTX3060 - Backlit Keyboard - Thunderbolt4 - Wi-Fi6 - HDMI Cable (32GB DDR5 RAM |1TB PCIe SSD),1079.99,4.3,https://m.media-amazon.com/images/I/71NXlFKz8pL._AC_UY218_.jpg,https://www.amazon.com/s?k=laptop&i=computers&page=3&qid=1730948270&ref=sr_pg_2,https://www.amazon.com/dp/B0CJJJHCFT,computers,laptop
63,B0BTQWR77M,"Acer Swift Go Intel Evo Thin & Light Premium Laptop 14"" 1920x1200 100% sRGB Touch Screen Display Intel Core i7-1355U Intel Iris Xe 16GB LPDDR5 512GB Gen 4 SSD SFG14-71T-72QV",635.32,4.2,https://m.media-amazon.com/images/I/71iZrF8XXiL._AC_UY218_.jpg,https://www.amazon.com/s?k=laptop&i=computers&page=3&qid=1730948270&ref=sr_pg_2,https://www.amazon.com/dp/B0BTQWR77M,computers,laptop
64,B0CLHCWNV8,"ASUS Vivobook Laptop, 14"" FHD Display, i3-1215U, 16GB RAM, 512GB SSD, Wi-Fi 6, HDMI, Webcam, Touchpad, Windows 11 Home, Blue",310.0,4.5,https://m.media-amazon.com/images/I/61jojpe4KVL._AC_UY218_.jpg,https://www.amazon.com/s?k=laptop&i=computers&page=3&qid=1730948270&ref=sr_pg_2,https://www.amazon.com/dp/B0CLHCWNV8,computers,laptop
65,B0D8524KVL,"Lenovo Newest V15 Essential Laptop | 16GB RAM | 1TB SSD | 15.6"" FHD (1920 x 1080) Display | Intel Quad-core Processor | Ethernet RJ-45 | Windows 11 Pro | WOWPC 500GB External HDD",399.99,4.1,https://m.media-amazon.com/images/I/71iGBUV2YPL._AC_UY218_.jpg,https://www.amazon.com/s?k=laptop&i=computers&page=3&qid=1730948270&ref=sr_pg_2,https://www.amazon.com/dp/B0D8524KVL,computers,laptop
66,B0D9GYCTWS,"acer Predator Helios-Neo Gaming Laptop - 16"" WQXGA Display, Intel 16-Core i7-13700HX, RTX 4050, 32GB DDR5, 1TB SSD, Backlit KB, Windows 11 Pro & Microsoft Office Lifetime License, Mouse",,5.0,https://m.media-amazon.com/images/I/71NbdgauXML._AC_UY218_.jpg,https://www.amazon.com/s?k=laptop&i=computers&page=3&qid=1730948270&ref=sr_pg_2,https://www.amazon.com/dp/B0D9GYCTWS,computers,laptop
67,B0CF62H34N,"Lenovo IdeaPad 1 Student Laptop, 15.6"" FHD Display, Intel Dual Core Processor, 12GB RAM, 512GB SSD + 128GB eMMC, 1 Year Office 365, Wi-Fi 6, Webcam, Bluetooth, SD Card Reader, Windows 11 Home, Grey",339.0,4.2,https://m.media-amazon.com/images/I/71MC0412PeL._AC_UY218_.jpg,https://www.amazon.com/s?k=laptop&i=computers&page=3&qid=1730948270&ref=sr_pg_2,https://www.amazon.com/dp/B0CF62H34N,computers,laptop
68,B08B6F1NNR,"Lenovo 2022 Newest Ideapad 3 Laptop, 15.6"" HD Touchscreen, 11th Gen Intel Core i3-1115G4 Processor, 8GB DDR4 RAM, 256GB PCIe NVMe SSD, HDMI, Webcam, Wi-Fi 5, Bluetooth, Windows 11 Home, Almond",314.85,4.3,https://m.media-amazon.com/images/I/61QGMX0Qy6L._AC_UY218_.jpg,https://www.amazon.com/s?k=laptop&i=computers&page=3&qid=1730948270&ref=sr_pg_2,https://www.amazon.com/dp/B08B6F1NNR,computers,laptop
69,B0DK1NGFF8,"HP AI-Powered Laptop | 17"" HD Touchscreen Computer | 64GB RAM | 1TB SSD & 128GB Portable SSD | 6-Core CPU | Webcam | Wi-Fi | Bluetooth | Copilot Ready | Ultra Portable | Windows 11 Pro | RK Bundle",759.99,5.0,https://m.media-amazon.com/images/I/71c5+3YVy6L._AC_UY218_.jpg,https://www.amazon.com/s?k=laptop&i=computers&page=3&qid=1730948270&ref=sr_pg_2,https://www.amazon.com/dp/B0DK1NGFF8,computers,laptop
70,B0DGQRMQ1X,"HP Ultrabook 17.3"" FHD (‎1920 x 1080) Laptop with 12-Month Microsoft Suite • 40GB RAM • 512GB SSD & 512GB External Storage • Intel Core 6-Core Processor • Type-C • Upto 12 Hours Battery Life • Win 11",699.0,4.3,https://m.media-amazon.com/images/I/71LMPasMPIL._AC_UY218_.jpg,https://www.amazon.com/s?k=laptop&i=computers&page=3&qid=1730948270&ref=sr_pg_2,https://www.amazon.com/dp/B0DGQRMQ1X,computers,laptop
71,B0BQ9W4DV3,"HP 2023 15'' HD IPS Laptop, Windows 11, Intel Pentium 4-Core Processor Up to 2.70GHz, 8GB RAM, 128GB SSD, HDMI, Super-Fast 6th Gen WiFi, Dale Red (Renewed)",190.98,4.2,https://m.media-amazon.com/images/I/712VAsKBk-L._AC_UY218_.jpg,https://www.amazon.com/s?k=laptop&i=computers&page=3&qid=1730948270&ref=sr_pg_2,https://www.amazon.com/dp/B0BQ9W4DV3,computers,laptop
72,B0D8JZDJBG,"Acer Nitro V Gaming Laptop | Intel Core i9-13900H Processor | NVIDIA GeForce RTX 4060 Laptop GPU | 15.6"" FHD IPS 144Hz Display | 32GB DDR5 | 1TB Gen 4 SSD | WiFi 6 | Backlit KB | ANV15-51-92XK",1349.99,4.4,https://m.media-amazon.com/images/I/71F-Wcriq4L._AC_UY218_.jpg,https://www.amazon.com/s?k=laptop&i=computers&page=3&qid=1730948270&ref=sr_pg_2,https://www.amazon.com/dp/B0D8JZDJBG,computers,laptop
73,B0D3DSXQWB,"Laptop Computer, 14.1"" Dual-Core Cerelon N4000 6GB RAM 128GB SSD Portable Laptop, 1366x768 IPS Display Fanless Design Laptop, WiFi 2.4/5G, Bluetooth 5.0, USB 3.0, Mini HDMI, Include USB-C Hub",168.0,4.3,https://m.media-amazon.com/images/I/71powVGd88L._AC_UY218_.jpg,https://www.amazon.com/s?k=laptop&i=computers&page=3&qid=1730948270&ref=sr_pg_2,https://www.amazon.com/dp/B0D3DSXQWB,computers,laptop
74,B0DKJK6N1C,"2024 Newest Laptop,17.3-Inch FHD Display Laptop with Quad Core-12th Alder Lake N97(Up to 3.6GHz), 16GB RAM 512GB ROM Traditional Laptop Computer, 6000Mah Battery,Silver",1499.99,5.0,https://m.media-amazon.com/images/I/71ZYNIOyVwL._AC_UY218_.jpg,https://www.amazon.com/s?k=laptop&i=computers&page=3&qid=1730948270&ref=sr_pg_2,https://www.amazon.com/dp/B0DKJK6N1C,computers,laptop
75,B0CY526MN6,"NIMO 15.6 FHD Student Laptop, 16GB RAM, 512GB SSD, Backlit Keyboard, Fingerprint, Intel Pentium Quad-Core N100 (Beat to i3-1115G4, Up to 3.4GHz), 2 Years Warranty, 90 Days Return, WiFi 6, Win 11",279.99,4.6,https://m.media-amazon.com/images/I/71enmAGErML._AC_UY218_.jpg,https://www.amazon.com/s?k=laptop&i=computers&page=3&qid=1730948270&ref=sr_pg_2,https://www.amazon.com/dp/B0CY526MN6,computers,laptop
76,B0DH9S123G,HP 15.6 FHD Display G9 Laptop • 32GB RAM • 1TB Storage (512GB SSD & 500GB External) • AMD Dual Core Processor • Upto 12 Hours Battery Life • w/WOWPC Bundle • Windows 11 Pro,499.0,4.4,https://m.media-amazon.com/images/I/71yVQpCQICL._AC_UY218_.jpg,https://www.amazon.com/s?k=laptop&i=computers&page=3&qid=1730948270&ref=sr_pg_2,https://www.amazon.com/dp/B0DH9S123G,computers,laptop
77,B0CJS1399P,"ASUS Chromebook CM14 Laptop, 14"" HD Anti-Glare Display (1366x768), MediaTek Kompanio 520, 4GB RAM, 64GB eMMC, ChromeOS, Gray, CM1402CM2A-DS44, Gravity Grey",173.0,4.2,https://m.media-amazon.com/images/I/616aCuRtnpL._AC_UY218_.jpg,https://www.amazon.com/s?k=laptop&i=computers&page=3&qid=1730948270&ref=sr_pg_2,https://www.amazon.com/dp/B0CJS1399P,computers,laptop
78,B0C5JX2GZV,"HP Notebook Laptop, 15.6"" HD Touchscreen, Intel Core i3-1115G4 Processor, 32GB RAM, 1TB PCIe SSD, Webcam, Type-C, HDMI, SD Card Reader, Wi-Fi, Windows 11 Home, Silver (Renewed)",321.0,3.7,https://m.media-amazon.com/images/I/61oAh3XrX+L._AC_UY218_.jpg,https://www.amazon.com/s?k=laptop&i=computers&page=3&qid=1730948270&ref=sr_pg_2,https://www.amazon.com/dp/B0C5JX2GZV,computers,laptop
79,B0CXYM7TT6,"MSI Creator M16 HX 16” 240Hz QHD+ Creator Laptop: Intel Core i9-14900HX, NVIDIA Geforce RTX 4070, 32GB DDR5, 2TB NVMe SSD, Cooler Boost 5, Win 11: Black C14VGG-291US",1899.99,4.4,https://m.media-amazon.com/images/I/71SwszHutIL._AC_UY218_.jpg,https://www.amazon.com/s?k=laptop&i=computers&page=3&qid=1730948270&ref=sr_pg_2,https://www.amazon.com/dp/B0CXYM7TT6,computers,laptop
80,B0DD3D9W4Y,NewASUS Business and Student School Laptop 14 Inch FHD Display_Intel_Celeron N4500 4GB RAM 64GB eMMC_Intel_Iris Xe Graphics Webcam Media Card Reader Wi-Fi HDMI USB-C Win 11 Home in S Mode Star Black,159.0,4.0,https://m.media-amazon.com/images/I/61z4aosz0gL._AC_UY218_.jpg,https://www.amazon.com/s?k=laptop&i=computers&page=3&qid=1730948270&ref=sr_pg_2,https://www.amazon.com/dp/B0DD3D9W4Y,computers,laptop
81,B0C9RVBJDW,"Dell Inspiron 3520 15.6"" FHD Laptop, Intel Core i7-1255U Processor, 32GB RAM, 1TB SSD, Webcam, HDMI, SD-Card Slot, Wi-Fi 6, Windows 11 Home, Black",619.99,3.5,https://m.media-amazon.com/images/I/71dKF4pc-6L._AC_UY218_.jpg,https://www.amazon.com/s?k=laptop&i=computers&page=3&qid=1730948270&ref=sr_pg_2,https://www.amazon.com/dp/B0C9RVBJDW,computers,laptop
82,B0CYVZZFTD,"Lenovo Newest 15.6"" Laptop, Intel Dual-core Processor, 16GB Memory, 1TB PCIe SSD, 15.6"" FHD (1920 x 1080) Anti-Glare Display, HDMI, Ethernet Port, USB-C, Webcam, WiFi & Bluetooth, Windows 11 Pro",469.0,4.1,https://m.media-amazon.com/images/I/71sPoxApv4L._AC_UY218_.jpg,https://www.amazon.com/s?k=laptop&i=computers&page=3&qid=1730948270&ref=sr_pg_2,https://www.amazon.com/dp/B0CYVZZFTD,computers,laptop
83,B09V273F3C,"Lenovo 2022 Newest Ideapad 3 Laptop, 15.6"" HD Touchscreen, 11th Gen Intel Core i3-1115G4 Processor, 8GB DDR4 RAM, 256GB PCIe NVMe SSD, HDMI, Webcam, Wi-Fi 5, Bluetooth, Windows 11 Home, Platinum Grey",318.98,4.3,https://m.media-amazon.com/images/I/81M05PyYgYL._AC_UY218_.jpg,https://www.amazon.com/s?k=laptop&i=computers&page=3&qid=1730948270&ref=sr_pg_2,https://www.amazon.com/dp/B09V273F3C,computers,laptop
84,B0D33NC672,"acer Gateway Chromebook 311 CBO311-1H-C1MX Laptop | Intel Celeron N4500 | 11.6"" HD (1366 x 768) Display | 4GB LPDDR4X | 64GB eMMC | Wi-Fi 5 802.11ac | Chrome OS | Star Black",175.0,4.5,https://m.media-amazon.com/images/I/61s7XxkIC5L._AC_UY218_.jpg,https://www.amazon.com/s?k=laptop&i=computers&page=3&qid=1730948270&ref=sr_pg_2,https://www.amazon.com/dp/B0D33NC672,computers,laptop
85,B0DCFD8J2N,"ACEMAGIC Laptop Computer 17.3 Inch FHD Screen Premium Laptop with N97 Processor(Up to 3.6GHz) 16GB RAM 512GB ROM Business Laptop, 6000Mah Battery, Light&Thin, Metal Shell, Webcam, Type-C USB3.2 Silver",339.99,4.1,https://m.media-amazon.com/images/I/71mg6KdJtSL._AC_UY218_.jpg,https://www.amazon.com/s?k=laptop&i=computers&page=3&qid=1730948270&ref=sr_pg_2,https://www.amazon.com/dp/B0DCFD8J2N,computers,laptop
86,B0C7MR5RDH,"HP 2023 Newest Chromebook Laptop, 14 Inch Display, Intel Celeron N4120 Processor, 4GB RAM, 64GB eMMC, Intel UHD Graphics 600, WiFi, Bluetooth, Chrome OS, Modern Gray",177.1,4.2,https://m.media-amazon.com/images/I/51PsNbMd-CL._AC_UY218_.jpg,https://www.amazon.com/s?k=laptop&i=computers&page=3&qid=1730948270&ref=sr_pg_2,https://www.amazon.com/dp/B0C7MR5RDH,computers,laptop
87,B0CDM5RF8D,"ASUS Zenbook 15 Laptop, 15.6” FHD Display, AMD Ryzen 5 7535U CPU, AMD Radeon Graphics, 16GB RAM, 512GB SSD, Windows 11 Home, Ponder Blue, UM3504DA-AS54",799.99,4.0,https://m.media-amazon.com/images/I/71xG5AOiuoL._AC_UY218_.jpg,https://www.amazon.com/s?k=laptop&i=computers&page=3&qid=1730948270&ref=sr_pg_2,https://www.amazon.com/dp/B0CDM5RF8D,computers,laptop
88,B0DHYFW9QK,"HP 15.6"" Business & Student Laptop Computer, Intel Core i3, Windows 11 Pro Laptop with Microsoft Office Lifetime License, Plusera Earphones (Intel Core i3, 32GB RAM | 1TB SSD)",499.99,4.1,https://m.media-amazon.com/images/I/61Hq-4AehGL._AC_UY218_.jpg,https://www.amazon.com/s?k=laptop&i=computers&page=3&qid=1730948270&ref=sr_pg_2,https://www.amazon.com/dp/B0DHYFW9QK,computers,laptop
89,B0D14D6BRD,"Dell Inspiron 16 Plus 7640 Laptop - 16.0-inch 16:10 2.5K (2560x1600) Display, Intel Core Ultra 7-155H Processor, 16GB DDR5 RAM, 1TB SSD, Windows 11 Home, Onsite & Migrate Service - Ice Blue",1431.4,4.1,https://m.media-amazon.com/images/I/71ltDhhO1YL._AC_UY218_.jpg,https://www.amazon.com/s?k=laptop&i=computers&page=3&qid=1730948270&ref=sr_pg_2,https://www.amazon.com/dp/B0D14D6BRD,computers,laptop
90,B0DFM2XCZ6,Laptop Computer AMD Ryzen 7 5700U Gaming Laptop 16GB DDR4 512GB M.2 2280 NVMe SSD Windows Laptop Office Laptops Home Laptops Windows11 16.1-inch IPS FHD WIFI6 BT5.2 HDMI Type-C USB3.2,599.99,5.0,https://m.media-amazon.com/images/I/71-Ue+YHz7L._AC_UY218_.jpg,https://www.amazon.com/s?k=laptop&i=computers&page=4&qid=1730948272&ref=sr_pg_3,https://www.amazon.com/dp/B0DFM2XCZ6,computers,laptop
91,B0CZ56BHPV,"Dell Inspiron 5440 Laptop - 14.0-inch 16:10 FHD+ (1920 x 1200) Display, Intel Core i5-1334U Processor, 8GB DDR5 RAM, 512GB SSD, Intel UHD Graphics, Windows 11 Home, Onsite Service - Carbon Black",711.99,4.1,https://m.media-amazon.com/images/I/71jq7qdjh7L._AC_UY218_.jpg,https://www.amazon.com/s?k=laptop&i=computers&page=4&qid=1730948272&ref=sr_pg_3,https://www.amazon.com/dp/B0CZ56BHPV,computers,laptop
92,B0C7MR5RDH,"HP 2023 Newest Chromebook Laptop, 14 Inch Display, Intel Celeron N4120 Processor, 4GB RAM, 64GB eMMC, Intel UHD Graphics 600, WiFi, Bluetooth, Chrome OS, Modern Gray",177.1,4.2,https://m.media-amazon.com/images/I/51PsNbMd-CL._AC_UY218_.jpg,https://www.amazon.com/s?k=laptop&i=computers&page=4&qid=1730948272&ref=sr_pg_3,https://www.amazon.com/dp/B0C7MR5RDH,computers,laptop
93,B0D1TWY6TR,"HP 14"" Ultra-Light Laptop for Student & Home (Narrow-Bezel Display, Intel Pentium N5030, 16GB RAM, 512GB SSD, 1-Year Office 365) 11-Hr Long Battery Life, Webcam, Wi-Fi, IST Card, Win 11 Home, Silver",329.98,4.1,https://m.media-amazon.com/images/I/61GrEm0qEsL._AC_UY218_.jpg,https://www.amazon.com/s?k=laptop&i=computers&page=4&qid=1730948272&ref=sr_pg_3,https://www.amazon.com/dp/B0D1TWY6TR,computers,laptop
94,B0CRDF25TQ,"ASUS TUF Gaming A15 (2024) Gaming Laptop, 15.6” FHD 144Hz Display, NVIDIA® GeForce RTX™ 2050, AMD Ryzen™ 5 7535HS, 8GB DDR5, 512GB PCIe® Gen4 NVMe™ SSD, Wi-Fi 6, Windows 11, FA506NF-ES51",692.99,4.3,https://m.media-amazon.com/images/I/81kxce-AlLL._AC_UY218_.jpg,https://www.amazon.com/s?k=laptop&i=computers&page=4&qid=1730948272&ref=sr_pg_3,https://www.amazon.com/dp/B0CRDF25TQ,computers,laptop
95,B0CN3W7S7Z,"Dell Inspiron 3000 Series 3520 Laptop, 15.6"" FHD Touchscreen, Intel Core i5-1155G7, 16GB DDR4 RAM, 1TB PCIe SSD, Webcam, SD Card Reader, Wi-Fi, Windows 11 Home, Black",481.94,4.1,https://m.media-amazon.com/images/I/61gtpYVQ8NL._AC_UY218_.jpg,https://www.amazon.com/s?k=laptop&i=computers&page=4&qid=1730948272&ref=sr_pg_3,https://www.amazon.com/dp/B0CN3W7S7Z,computers,laptop
96,B089KRV2D6,"Lenovo 14 FHD Laptop - AMD A6-9220C Dual-Core Processor, 4GB RAM, 64GB eMMC, Windows 10 Pro, Black - 14W (81MQ000JUS) (Renewed)",114.99,2.8,https://m.media-amazon.com/images/I/61e7etjgCmL._AC_UY218_.jpg,https://www.amazon.com/s?k=laptop&i=computers&page=4&qid=1730948272&ref=sr_pg_3,https://www.amazon.com/dp/B089KRV2D6,computers,laptop
97,B0DF7NH5W1,"jumper Laptop 14"", 12GB DDR4 512GB SSD, Expandable 256GB TF Card, Celeron N3350, Notebook Computer with FHD 1080P Display, 35.52WH Battery, 2 Speakers, 2.4G+5G WiFi, Portable Business Laptops.",529.99,5.0,https://m.media-amazon.com/images/I/71ZvKZKyp5L._AC_UY218_.jpg,https://www.amazon.com/s?k=laptop&i=computers&page=4&qid=1730948272&ref=sr_pg_3,https://www.amazon.com/dp/B0DF7NH5W1,computers,laptop
98,B0BG3GR52T,"Dell Latitude 5400 14"""" HD, Core i5-8265U 1.6GHz, 32GB RAM, 1TB M.2-NVMe, Windows 11 Pro 64Bit, CAM (Renewed), Black",236.0,4.4,https://m.media-amazon.com/images/I/61PkGRSw05L._AC_UY218_.jpg,https://www.amazon.com/s?k=laptop&i=computers&page=4&qid=1730948272&ref=sr_pg_3,https://www.amazon.com/dp/B0BG3GR52T,computers,laptop
99,B07G3DJ7RD,"Dell Latitude 5490 14"" FHD Laptop Computer, Intel i7-8650U, 16GB DDR4 RAM, 512GB SSD, Windows 10 Pro (Renewed)",246.95,4.1,https://m.media-amazon.com/images/I/51Z-NzAkM9L._AC_UY218_.jpg,https://www.amazon.com/s?k=laptop&i=computers&page=4&qid=1730948272&ref=sr_pg_3,https://www.amazon.com/dp/B07G3DJ7RD,computers,laptop
